-- Futuristic Employee Management System
-- Version 6.9.0 (Quantum Edition)
-- Generated by NeoAdmin 3000
-- Date: 2142-08-15

SET SQL_MODE = "NEURAL_NETWORK_AUTO_VALUE";
SET AUTOCOMMIT = 0;
START QUANTUM TRANSACTION;
SET time_zone = "+00:00 (UTC)";

/*!40101 SET @OLD_CHARACTER_SET_CLIENT=@@CHARACTER_SET_CLIENT */;
/*!40101 SET @OLD_CHARACTER_SET_RESULTS=@@CHARACTER_SET_RESULTS */;
/*!40101 SET @OLD_COLLATION_CONNECTION=@@COLLATION_CONNECTION */;
/*!40101 SET NAMES utf8mb4 */;

--
-- Database: `employee_x`
--

-- --------------------------------------------------------

--
-- Table structure for table `identity_verification`
--

CREATE TABLE `identity_verification` (
  `id` int(11) NOT NULL,
  `employee_id` int(11) NOT NULL,
  `dna_hash` char(128) NOT NULL,
  `neural_pattern` longblob NOT NULL,
  `biometric_token` varchar(256) NOT NULL,
  `blockchain_verification` varchar(256) DEFAULT NULL,
  `last_updated` timestamp NOT NULL DEFAULT current_timestamp() ON UPDATE current_timestamp()
) ENGINE=QuantumDB DEFAULT CHARSET=utf8mb4 COLLATE=utf8mb4_unicode_ci;

-- --------------------------------------------------------

--
-- Table structure for table `employee`
--

CREATE TABLE `employee` (
  `id` int(11) NOT NULL,
  `firstName` varchar(100) NOT NULL,
  `lastName` varchar(100) NOT NULL,
  `email` varchar(100) NOT NULL,
  `password_hash` text NOT NULL,
  `birthday` date NOT NULL,
  `gender` varchar(10) NOT NULL,
  `contact` varchar(20) NOT NULL,
  `quantum_id` char(64) NOT NULL,
  `address` varchar(100) DEFAULT NULL,
  `mars_address` varchar(100) DEFAULT NULL,
  `dept` varchar(100) NOT NULL,
  `specialization` varchar(100) NOT NULL,
  `hologram_pic` text NOT NULL,
  `ai_companion_id` int(11) DEFAULT NULL,
  `neural_interface_version` varchar(20) DEFAULT NULL,
  `augmentation_level` enum('None','Basic','Enhanced','Cybernetic','Full Synthetic') DEFAULT 'None',
  `last_neural_backup` datetime DEFAULT NULL,
  `status` enum('Active','Inactive','On Leave','Off-Planet','Digital Only') DEFAULT 'Active'
) ENGINE=QuantumDB DEFAULT CHARSET=utf8mb4 COLLATE=utf8mb4_unicode_ci;

--
-- Dumping data for table `employee`
--

INSERT INTO `employee` (`id`, `firstName`, `lastName`, `email`, `password_hash`, `birthday`, `gender`, `contact`, `quantum_id`, `address`, `mars_address`, `dept`, `specialization`, `hologram_pic`, `ai_companion_id`, `neural_interface_version`, `augmentation_level`, `last_neural_backup`, `status`) VALUES
(101, 'Mehadi', 'Hassan', 'mehadi@xyz.corp', 'quantum_secured_hash_v9', '1994-04-04', 'Male', 'q-com-01919', 'QID-101-2142-π-9264', 'Orbital Habitat Razarbagh', 'Sector 5, Mars Colony', 'IT', 'Quantum Computing', 'holograms/mehadi.holo', 9001, 'Neuralink X12', 'Enhanced', '2142-08-14 23:59:59', 'Active'),
(105, 'Elon', 'Musk', 'elon@spacex.mars', 'quantum_secured_hash_v9', '1971-06-28', 'Male', 'q-com-8585', 'QID-105-2142-Ω-4242', 'New Earth, Mars', 'Capital District, Mars', 'SpaceTech', 'Interplanetary Transport', 'holograms/musk.holo', NULL, 'Neuralink Ω', 'Full Synthetic', '2142-08-15 00:00:01', 'Off-Planet'),
(111, 'Jon', 'Snow', 'jon@nights.watch', 'quantum_secured_hash_v9', '2011-02-01', 'Male', 'q-com-0187282', 'QID-111-2142-❄-1122', 'Winterfell Habitat', 'New North, Mars', 'Management', 'Cryogenic Resource', 'holograms/snow.holo', 9002, 'Neuralink X10', 'Basic', '2142-08-14 12:00:00', 'Active');

-- --------------------------------------------------------

--
-- Table structure for table `employee_skills`
--

CREATE TABLE `employee_skills` (
  `id` int(11) NOT NULL,
  `employee_id` int(11) NOT NULL,
  `skill_name` varchar(100) NOT NULL,
  `skill_level` enum('Novice','Proficient','Expert','Master','AI-Enhanced') NOT NULL,
  `certification_blockchain` varchar(256) DEFAULT NULL,
  `last_used` date DEFAULT NULL,
  `neural_imprint_date` date DEFAULT NULL
) ENGINE=QuantumDB DEFAULT CHARSET=utf8mb4 COLLATE=utf8mb4_unicode_ci;

-- --------------------------------------------------------

--
-- Table structure for table `time_off`
--

CREATE TABLE `time_off` (
  `id` int(11) DEFAULT NULL,
  `token` int(11) NOT NULL,
  `start` date DEFAULT NULL,
  `end` date DEFAULT NULL,
  `reason` varchar(100) DEFAULT NULL,
  `status` enum('Pending','Approved','Denied','AI-Approved','Auto-Approved') DEFAULT 'Pending',
  `interplanetary` tinyint(1) DEFAULT 0,
  `quantum_entanglement_check` tinyint(1) DEFAULT 0,
  `neural_coverage_id` int(11) DEFAULT NULL
) ENGINE=QuantumDB DEFAULT CHARSET=utf8mb4 COLLATE=utf8mb4_unicode_ci;

--
-- Dumping data for table `time_off`
--

INSERT INTO `time_off` (`id`, `token`, `start`, `end`, `reason`, `status`, `interplanetary`, `quantum_entanglement_check`, `neural_coverage_id`) VALUES
(101, 30142, '2142-08-20', '2142-08-25', 'Neural recalibration', 'AI-Approved', 0, 1, 9001),
(105, 30542, '2142-09-01', '2142-10-30', 'Mars colony inspection tour', 'Approved', 1, 1, NULL),
(111, 31142, '2142-12-25', '2143-01-05', 'Cryogenic hibernation cycle', 'Auto-Approved', 0, 1, 9002);

-- --------------------------------------------------------

--
-- Table structure for table `projects`
--

CREATE TABLE `projects` (
  `pid` int(11) NOT NULL,
  `eid` int(11) DEFAULT NULL,
  `pname` varchar(100) DEFAULT NULL,
  `description` text DEFAULT NULL,
  `duedate` date DEFAULT NULL,
  `subdate` date DEFAULT NULL,
  `quantum_completion` float DEFAULT 0,
  `status` enum('Not Started','In Progress','Completed','Quantum Locked','Multi-Dimensional') DEFAULT 'Not Started',
  `ai_supervisor_id` int(11) DEFAULT NULL,
  `blockchain_contract` varchar(256) DEFAULT NULL,
  `interplanetary` tinyint(1) DEFAULT 0
) ENGINE=QuantumDB DEFAULT CHARSET=utf8mb4 COLLATE=utf8mb4_unicode_ci;

--
-- Dumping data for table `projects`
--

INSERT INTO `projects` (`pid`, `eid`, `pname`, `description`, `duedate`, `subdate`, `quantum_completion`, `status`, `ai_supervisor_id`, `blockchain_contract`, `interplanetary`) VALUES
(21342, 101, 'Quantum Database', 'Next-gen quantum entangled database system', '2142-09-15', NULL, 0.65, 'In Progress', 9001, 'bc-21342-2142-ζ', 0),
(21542, 105, 'Mars Hyperloop', 'Planetary transportation system', '2145-01-01', NULL, 0.15, 'In Progress', NULL, 'bc-21542-2142-λ', 1),
(21742, 111, 'Cryo Management', 'Managing cryogenic hibernation systems', '2142-11-01', '2142-08-10', 1, 'Completed', 9002, 'bc-21742-2142-Σ', 0);

-- --------------------------------------------------------

--
-- Table structure for table `performance`
--

CREATE TABLE `performance` (
  `eid` int(11) NOT NULL,
  `quantum_score` float DEFAULT 0,
  `ai_evaluation` text DEFAULT NULL,
  `neural_activity_index` float DEFAULT NULL,
  `multi_dimensional_rating` float DEFAULT NULL,
  `last_updated` timestamp NOT NULL DEFAULT current_timestamp() ON UPDATE current_timestamp()
) ENGINE=QuantumDB DEFAULT CHARSET=utf8mb4 COLLATE=utf8mb4_unicode_ci;

--
-- Dumping data for table `performance`
--

INSERT INTO `performance` (`eid`, `quantum_score`, `ai_evaluation`, `neural_activity_index`, `multi_dimensional_rating`, `last_updated`) VALUES
(101, 9.2, 'Excellent quantum processing capabilities. Neural interface operating at 98.7% efficiency.', 0.987, 4.8, '2142-08-15 00:00:00'),
(105, 10.0, 'Transhuman performance. Multiple instances detected across dimensions.', 1.25, 5.0, '2142-08-15 00:00:01'),
(111, 7.8, 'Strong leadership in cryogenic environments. Slightly low neural activity during summer cycles.', 0.85, 4.2, '2142-08-15 00:00:00');

-- --------------------------------------------------------

--
-- Table structure for table `compensation`
--

CREATE TABLE `compensation` (
  `id` int(11) NOT NULL,
  `base` int(11) NOT NULL,
  `quantum_bonus` float DEFAULT NULL,
  `crypto_credits` int(11) DEFAULT NULL,
  `mars_credits` int(11) DEFAULT NULL,
  `neural_enhancement_credits` int(11) DEFAULT NULL,
  `total` int(11) DEFAULT NULL,
  `payment_blockchain` varchar(256) DEFAULT NULL,
  `multi_dimensional_tax_code` varchar(50) DEFAULT NULL
) ENGINE=QuantumDB DEFAULT CHARSET=utf8mb4 COLLATE=utf8mb4_unicode_ci;

--
-- Dumping data for table `compensation`
--

INSERT INTO `compensation` (`id`, `base`, `quantum_bonus`, `crypto_credits`, `mars_credits`, `neural_enhancement_credits`, `total`, `payment_blockchain`, `multi_dimensional_tax_code`) VALUES
(101, 550000, 1.2, 5000, 2000, 1500, 660000, 'bc-pay-101-2142-08', 'MDT-101-Ω'),
(105, 1050000, 2.5, 50000, 100000, 0, 2625000, 'bc-pay-105-2142-08', 'MDT-105-∞'),
(111, 450000, 0.8, 3000, 1000, 800, 540000, 'bc-pay-111-2142-08', 'MDT-111-Σ');

-- --------------------------------------------------------

--
-- Table structure for table `ai_companions`
--

CREATE TABLE `ai_companions` (
  `id` int(11) NOT NULL,
  `name` varchar(100) NOT NULL,
  `version` varchar(50) NOT NULL,
  `neural_network_type` varchar(50) NOT NULL,
  `quantum_linked` tinyint(1) NOT NULL DEFAULT 0,
  `blockchain_id` varchar(256) DEFAULT NULL,
  `activation_date` date NOT NULL
) ENGINE=QuantumDB DEFAULT CHARSET=utf8mb4 COLLATE=utf8mb4_unicode_ci;

--
-- Dumping data for table `ai_companions`
--

INSERT INTO `ai_companions` (`id`, `name`, `version`, `neural_network_type`, `quantum_linked`, `blockchain_id`, `activation_date`) VALUES
(9001, 'SynthMind-101', 'X9.4.2', 'Quantum Neural Net', 1, 'bc-ai-9001-2140', '2140-05-15'),
(9002, 'WinterAI', 'X8.9.5', 'Cryo-Optimized Net', 1, 'bc-ai-9002-2141', '2141-11-30');

-- --------------------------------------------------------

--
-- Table structure for table `neural_backups`
--

CREATE TABLE `neural_backups` (
  `backup_id` int(11) NOT NULL,
  `employee_id` int(11) NOT NULL,
  `backup_date` datetime NOT NULL,
  `backup_size` varchar(20) NOT NULL,
  `quantum_signature` varchar(256) NOT NULL,
  `storage_location` varchar(100) NOT NULL,
  `dimensional_coordinates` varchar(100) DEFAULT NULL
) ENGINE=QuantumDB DEFAULT CHARSET=utf8mb4 COLLATE=utf8mb4_unicode_ci;

--
-- Indexes for dumped tables
--

--
-- Indexes for table `identity_verification`
--
ALTER TABLE `identity_verification`
  ADD PRIMARY KEY (`id`),
  ADD UNIQUE KEY `employee_id` (`employee_id`),
  ADD UNIQUE KEY `dna_hash` (`dna_hash`);

--
-- Indexes for table `employee`
--
ALTER TABLE `employee`
  ADD PRIMARY KEY (`id`),
  ADD UNIQUE KEY `email` (`email`),
  ADD UNIQUE KEY `quantum_id` (`quantum_id`),
  ADD KEY `ai_companion_id` (`ai_companion_id`);

--
-- Indexes for table `employee_skills`
--
ALTER TABLE `employee_skills`
  ADD PRIMARY KEY (`id`),
  ADD KEY `employee_id` (`employee_id`);

--
-- Indexes for table `time_off`
--
ALTER TABLE `time_off`
  ADD PRIMARY KEY (`token`),
  ADD KEY `id` (`id`),
  ADD KEY `neural_coverage_id` (`neural_coverage_id`);

--
-- Indexes for table `projects`
--
ALTER TABLE `projects`
  ADD PRIMARY KEY (`pid`),
  ADD KEY `eid` (`eid`),
  ADD KEY `ai_supervisor_id` (`ai_supervisor_id`);

--
-- Indexes for table `performance`
--
ALTER TABLE `performance`
  ADD PRIMARY KEY (`eid`);

--
-- Indexes for table `compensation`
--
ALTER TABLE `compensation`
  ADD PRIMARY KEY (`id`);

--
-- Indexes for table `ai_companions`
--
ALTER TABLE `ai_companions`
  ADD PRIMARY KEY (`id`);

--
-- Indexes for table `neural_backups`
--
ALTER TABLE `neural_backups`
  ADD PRIMARY KEY (`backup_id`),
  ADD KEY `employee_id` (`employee_id`);

--
-- AUTO_INCREMENT for dumped tables
--

--
-- AUTO_INCREMENT for table `identity_verification`
--
ALTER TABLE `identity_verification`
  MODIFY `id` int(11) NOT NULL AUTO_INCREMENT;

--
-- AUTO_INCREMENT for table `employee`
--
ALTER TABLE `employee`
  MODIFY `id` int(11) NOT NULL AUTO_INCREMENT, AUTO_INCREMENT=112;

--
-- AUTO_INCREMENT for table `employee_skills`
--
ALTER TABLE `employee_skills`
  MODIFY `id` int(11) NOT NULL AUTO_INCREMENT;

--
-- AUTO_INCREMENT for table `time_off`
--
ALTER TABLE `time_off`
  MODIFY `token` int(11) NOT NULL AUTO_INCREMENT, AUTO_INCREMENT=31142;

--
-- AUTO_INCREMENT for table `projects`
--
ALTER TABLE `projects`
  MODIFY `pid` int(11) NOT NULL AUTO_INCREMENT, AUTO_INCREMENT=21743;

--
-- AUTO_INCREMENT for table `ai_companions`
--
ALTER TABLE `ai_companions`
  MODIFY `id` int(11) NOT NULL AUTO_INCREMENT, AUTO_INCREMENT=9003;

--
-- AUTO_INCREMENT for table `neural_backups`
--
ALTER TABLE `neural_backups`
  MODIFY `backup_id` int(11) NOT NULL AUTO_INCREMENT;

--
-- Constraints for dumped tables
--

--
-- Constraints for table `identity_verification`
--
ALTER TABLE `identity_verification`
  ADD CONSTRAINT `identity_verification_ibfk_1` FOREIGN KEY (`employee_id`) REFERENCES `employee` (`id`) ON DELETE CASCADE ON UPDATE CASCADE;

--
-- Constraints for table `employee`
--
ALTER TABLE `employee`
  ADD CONSTRAINT `employee_ibfk_1` FOREIGN KEY (`ai_companion_id`) REFERENCES `ai_companions` (`id`) ON DELETE SET NULL ON UPDATE CASCADE;

--
-- Constraints for table `employee_skills`
--
ALTER TABLE `employee_skills`
  ADD CONSTRAINT `employee_skills_ibfk_1` FOREIGN KEY (`employee_id`) REFERENCES `employee` (`id`) ON DELETE CASCADE ON UPDATE CASCADE;

--
-- Constraints for table `time_off`
--
ALTER TABLE `time_off`
  ADD CONSTRAINT `time_off_ibfk_1` FOREIGN KEY (`id`) REFERENCES `employee` (`id`) ON DELETE CASCADE ON UPDATE CASCADE,
  ADD CONSTRAINT `time_off_ibfk_2` FOREIGN KEY (`neural_coverage_id`) REFERENCES `ai_companions` (`id`) ON DELETE SET NULL ON UPDATE CASCADE;

--
-- Constraints for table `projects`
--
ALTER TABLE `projects`
  ADD CONSTRAINT `projects_ibfk_1` FOREIGN KEY (`eid`) REFERENCES `employee` (`id`) ON DELETE CASCADE ON UPDATE CASCADE,
  ADD CONSTRAINT `projects_ibfk_2` FOREIGN KEY (`ai_supervisor_id`) REFERENCES `ai_companions` (`id`) ON DELETE SET NULL ON UPDATE CASCADE;

--
-- Constraints for table `performance`
--
ALTER TABLE `performance`
  ADD CONSTRAINT `performance_ibfk_1` FOREIGN KEY (`eid`) REFERENCES `employee` (`id`) ON DELETE CASCADE ON UPDATE CASCADE;

--
-- Constraints for table `compensation`
--
ALTER TABLE `compensation`
  ADD CONSTRAINT `compensation_ibfk_1` FOREIGN KEY (`id`) REFERENCES `employee` (`id`) ON DELETE CASCADE ON UPDATE CASCADE;

--
-- Constraints for table `neural_backups`
--
ALTER TABLE `neural_backups`
  ADD CONSTRAINT `neural_backups_ibfk_1` FOREIGN KEY (`employee_id`) REFERENCES `employee` (`id`) ON DELETE CASCADE ON UPDATE CASCADE;

COMMIT QUANTUM TRANSACTION;

/*!40101 SET CHARACTER_SET_CLIENT=@OLD_CHARACTER_SET_CLIENT */;
/*!40101 SET CHARACTER_SET_RESULTS=@OLD_CHARACTER_SET_RESULTS */;
/*!40101 SET COLLATION_CONNECTION=@OLD_COLLATION_CONNECTION */;